{"best_rs": "item", "hr10": 0.1388888888888889, "ndcg10": 0.05480727910776266}